Hinban,BomHinban,,
DAIWA-COVER/SGB1275-MOD,0135008050200026000003012WG22? 00WG11WG11-0000--W0GW-R-FL30-08050-01350-200-N3012-B00-----,,
DAIWA-COVER/SGB1620-MOD,0135008050200026000003012WG22? 00WG11WG11-0000--W0GW-R-FL30-08050-01350-200-N3012-B01-----,,
DAIWA-COVER/SGB1700-MOD,0135008050200026000003012WG22? 00WG11WG11-0000--W0GW-R-FL30-08050-01350-200-N3012-B02-----,,
DAIWA-COVER/GSB1588-MOD,0135008050200026000003012WG22? 00WG11WG11-0000--W0GW-R-FL30-08050-01350-200-N3012-B03-----,,
DAIWA-COVER/SGB850-MOD,0135008050200026000003012WG22? 00WG11WG11-0000--W0GW-R-FL30-08050-01350-200-N3012-B04-----,,
DAIWA-COVER/GSB1196-MOD,0135008050200026000003012WG22? 00WG11WG11-0000--W0GW-R-FL30-08050-01350-200-N3012-B05-----,,
DAIWA-COVER/GSB1672-MOG,0135008050200026000003012WG22? 00WG11WG11-0000--W0GW-R-FL30-08050-01350-200-N3012-B06-----,,
DAIWA-COVER/SGB1700-MOG,0135008050200026000003012WG22? 00WG11WG11-0000--W0GW-R-FL30-08050-01350-200-N3012-B07-----,,
DAIWA-COVER/SGB2045-MOG,0135008050200026000003012WG22? 00WG11WG11-0000--W0GW-R-FL30-08050-01350-200-N3012-B08-----,,
DAIWA-COVER/GSB1196-MOG,0135008050200026000003012WG22? 00WG11WG11-0000--W0GW-R-FL30-08050-01350-200-N3012-B09-----,,
DAIWA-COVER/SGB2125-MOG,0135008050200026000003012WG22? 00WG11WG11-0000--W0GW-R-FL30-08050-01350-200-N3012-B10-----,,
DAIWA-COVER/SGB1620-MOG,0135008050200026000003012WG22? 00WG11WG11-0000--W0GW-R-FL30-08050-01350-200-N3012-B11-----,,
DAIWA-COVER/SGB850-MOG,0135008050200026000003012WG22? 00WG11WG11-0000--W0GW-R-FL30-08050-01350-200-N3012-B12-----,,
DAIWA-COVER/SGB1700-MOS,0135008050200026000003012WG22? 00WG11WG11-0000--W0GW-R-FL30-08050-01350-200-N3012-B13-----,,
DAIWA-COVER/GSB1218-MOS,0135008050200026000003012WG22? 00WG11WG11-0000--W0GW-R-FL30-08050-01350-200-N3012-B14-----,,
GSB-40/GAWAITA-MIGI-MOS,0135008050200026000003012WG22? 00WG11WG11-0000--W0GW-R-FL30-08050-01350-200-N3012-B15-----,,
DAIWA-COVER/SGB850-MOS,0135008050200026000003012WG22? 00WG11WG11-0000--W0GW-R-FL30-08050-01350-200-N3012-B16-----,,
DAIWA-COVER/SGB1275-MOS,0135008050200026000003012WG22? 00WG11WG11-0000--W0GW-R-FL30-08050-01350-200-N3012-B17-----,,
DAIWA-COVER/SGB1620-MOS,0135008050200026000003012WG22? 00WG11WG11-0000--W0GW-R-FL30-08050-01350-200-N3012-B18-----,,
DAIWA-COVER/SGB1700-MOW,0135008050200026000003012WG22? 00WG11WG11-0000--W0GW-R-FL30-08050-01350-200-N3012-B19-----,,
DAIWA-COVER/SGB850-MOW,0135008050200026000003012WG22? 00WG11WG11-0000--W0GW-R-FL30-08050-01350-200-N3012-B20-----,,
DAIWA-COVER/SGB2125-MOW,0135008050200026000003012WG22? 00WG11WG11-0000--W0GW-R-FL30-08050-01350-200-N3012-B21-----,,
DAIWA-COVER/SGB1275-MOW,0135008050200026000003012WG22? 00WG11WG11-0000--W0GW-R-FL30-08050-01350-200-N3012-B22-----,,
GSB-40/YOKOSAN-MOG,0135008050200026000003012WG22? 00WG11WG11-0000--W0GW-R-FL30-08050-01350-200-N3012-B23-----,,
GSB-40/YOKOSAN-MOS,0135008050200026000003012WG22? 00WG11WG11-0000--W0GW-R-FL30-08050-01350-200-N3012-B24-----,,
GSB-40/YOKOSAN-MOD,0135008050200026000003012WG22? 00WG11WG11-0000--W0GW-R-FL30-08050-01350-200-N3012-B25-----,,
CGB-SP24D/CHOUSEIZAI-FRONT-MOG,0135008050200026000003012WG22? 00WG11WG11-0000--W0GW-R-FL30-08050-01350-200-N3012-B26-----,,
CGB-SP24D/CHOUSEIZAI-TOP-MOG,0135008050200026000003012WG22? 00WG11WG11-0000--W0GW-R-FL30-08050-01350-200-N3012-B27-----,,
CGW-SP24/CHOUSEIZAI-FRONT-MOG,0135008050200026000003012WG22? 00WG11WG11-0000--W0GW-R-FL30-08050-01350-200-N3012-B28-----,,
CGW-SP24/CHOUSEIZAI-TOP-MOG,0135008050200026000003012WG22? 00WG11WG11-0000--W0GW-R-FL30-08050-01350-200-N3012-B29-----,,
CGW-SP24/CHOUSEIZAI-BOTTOM-MOG,0135008050200026000003012WG22? 00WG11WG11-0000--W0GW-R-FL30-08050-01350-200-N3012-B30-----,,
GSB-158/SEITA-MOG,0135008050200026000003012WG22? 00WG11WG11-0000--W0GW-R-FL30-08050-01350-200-N3012-B31-----,,
GSP-60A/COVER-MOG,0135008050200026000003012WG22? 00WG11WG11-0000--W0GW-R-FL30-08050-01350-200-N3012-B32-----,,
GSW-158/SEITA-MOG,0135008050200026000003012WG22? 00WG11WG11-0000--W0GW-R-FL30-08050-01350-200-N3012-B33-----,,
KG-SP28R-MOG,0135008050200026000003012WG22? 00WG11WG11-0000--W0GW-R-FL30-08050-01350-200-N3012-B34-----,,
CGW-SP24/CHOUSEIZAI-FRONT-MOD,0135008050200026000003012WG22? 00WG11WG11-0000--W0GW-R-FL30-08050-01350-200-N3012-B35-----,,
CGW-SP24/CHOUSEIZAI-TOP-MOD,0135008050200026000003012WG22? 00WG11WG11-0000--W0GW-R-FL30-08050-01350-200-N3012-B36-----,,
CGW-SP24/CHOUSEIZAI-BOTTOM-MOD,0135008050200026000003012WG22? 00WG11WG11-0000--W0GW-R-FL30-08050-01350-200-N3012-B37-----,,
KG-SP28L-MOS,0135008050200026000003012WG22? 00WG11WG11-0000--W0GW-R-FL30-08050-01350-200-N3012-B38-----,,
CGB-SP24D/CHOUSEIZAI-FRONT-MOD,0135008050200026000003012WG22? 00WG11WG11-0000--W0GW-R-FL30-08050-01350-200-N3012-B39-----,,
CGB-SP24D/CHOUSEIZAI-TOP-MOD,0135008050200026000003012WG22? 00WG11WG11-0000--W0GW-R-FL30-08050-01350-200-N3012-B40-----,,
KG-SP28L-MOD,0135008050200026000003012WG22? 00WG11WG11-0000--W0GW-R-FL30-08050-01350-200-N3012-B41-----,,
CGB-SP24D/CHOUSEIZAI-FRONT-MOS,0135008050200026000003012WG22? 00WG11WG11-0000--W0GW-R-FL30-08050-01350-200-N3012-B42-----,,
CGB-SP24D/CHOUSEIZAI-TOP-MOS,0135008050200026000003012WG22? 00WG11WG11-0000--W0GW-R-FL30-08050-01350-200-N3012-B43-----,,
CGW-SP24/CHOUSEIZAI-FRONT-MOS,0135008050200026000003012WG22? 00WG11WG11-0000--W0GW-R-FL30-08050-01350-200-N3012-B44-----,,
CGW-SP24/CHOUSEIZAI-TOP-MOS,0135008050200026000003012WG22? 00WG11WG11-0000--W0GW-R-FL30-08050-01350-200-N3012-B45-----,,
CGW-SP24/CHOUSEIZAI-BOTTOM-MOS,0135008050200026000003012WG22? 00WG11WG11-0000--W0GW-R-FL30-08050-01350-200-N3012-B46-----,,
GSB-119/SEITA-A-MOS,0135008050200026000003012WG22? 00WG11WG11-0000--W0GW-R-FL30-08050-01350-200-N3012-B47-----,,
GSB-119/SEITA-B-MOS,0135008050200026000003012WG22? 00WG11WG11-0000--W0GW-R-FL30-08050-01350-200-N3012-B48-----,,
GSP-60A/COVER-MOS,0135008050200026000003012WG22? 00WG11WG11-0000--W0GW-R-FL30-08050-01350-200-N3012-B49-----,,
GSW-119/SEITA-A-MOS,0135008050200026000003012WG22? 00WG11WG11-0000--W0GW-R-FL30-08050-01350-200-N3012-B50-----,,
GSW-119/SEITA-B-MOS,0135008050200026000003012WG22? 00WG11WG11-0000--W0GW-R-FL30-08050-01350-200-N3012-B51-----,,
KG-SP28R-MOS,0135008050200026000003012WG22? 00WG11WG11-0000--W0GW-R-FL30-08050-01350-200-N3012-B52-----,,
KG-SP28R-MOD,0135008050200026000003012WG22? 00WG11WG11-0000--W0GW-R-FL30-08050-01350-200-N3012-B53-----,,
GSB-119/SEITA-A-MOG,0135008050200026000003012WG22? 00WG11WG11-0000--W0GW-R-FL30-08050-01350-200-N3012-B54-----,,
GSB-119/SEITA-B-MOG,0135008050200026000003012WG22? 00WG11WG11-0000--W0GW-R-FL30-08050-01350-200-N3012-B55-----,,
GSW-119/SEITA-A-MOG,0135008050200026000003012WG22? 00WG11WG11-0000--W0GW-R-FL30-08050-01350-200-N3012-B56-----,,
GSW-119/SEITA-B-MOG,0135008050200026000003012WG22? 00WG11WG11-0000--W0GW-R-FL30-08050-01350-200-N3012-B57-----,,
KG-SP28L-MOG,0135008050200026000003012WG22? 00WG11WG11-0000--W0GW-R-FL30-08050-01350-200-N3012-B58-----,,
CGB-SP24/CHOUSEIZAI-FRONT-MOS,0135008050200026000003012WG22? 00WG11WG11-0000--W0GW-R-FL30-08050-01350-200-N3012-B59-----,,
CGB-SP24/CHOUSEIZAI-TOP-MOS,0135008050200026000003012WG22? 00WG11WG11-0000--W0GW-R-FL30-08050-01350-200-N3012-B60-----,,
KG-SP28L-MOW,0135008050200026000003012WG22? 00WG11WG11-0000--W0GW-R-FL30-08050-01350-200-N3012-B61-----,,
DGW-SP24T/TATE-MOG,0135008050200026000003012WG22? 00WG11WG11-0000--W0GW-R-FL30-08050-01350-200-N3012-B62-----,,
DGW-SP24T/YOKO-MOG,0135008050200026000003012WG22? 00WG11WG11-0000--W0GW-R-FL30-08050-01350-200-N3012-B63-----,,
CGB-SP24D/CHOUSEIZAI-FRONT-MOW,0135008050200026000003012WG22? 00WG11WG11-0000--W0GW-R-FL30-08050-01350-200-N3012-B64-----,,
CGB-SP24D/CHOUSEIZAI-TOP-MOW,0135008050200026000003012WG22? 00WG11WG11-0000--W0GW-R-FL30-08050-01350-200-N3012-B65-----,,
CGW-SP24/CHOUSEIZAI-FRONT-MOW,0135008050200026000003012WG22? 00WG11WG11-0000--W0GW-R-FL30-08050-01350-200-N3012-B66-----,,
CGW-SP24/CHOUSEIZAI-TOP-MOW,0135008050200026000003012WG22? 00WG11WG11-0000--W0GW-R-FL30-08050-01350-200-N3012-B67-----,,
CGW-SP24/CHOUSEIZAI-BOTTOM-MOW,0135008050200026000003012WG22? 00WG11WG11-0000--W0GW-R-FL30-08050-01350-200-N3012-B68-----,,
GSB-60/SEITA-MOG,0135008050200026000003012WG22? 00WG11WG11-0000--W0GW-R-FL30-08050-01350-200-N3012-B69-----,,
GSW-60/SEITA-MOG,0135008050200026000003012WG22? 00WG11WG11-0000--W0GW-R-FL30-08050-01350-200-N3012-B70-----,,
GSB-158/SEITA-MOD,0135008050200026000003012WG22? 00WG11WG11-0000--W0GW-R-FL30-08050-01350-200-N3012-B71-----,,
GSW-158/SEITA-MOD,0135008050200026000003012WG22? 00WG11WG11-0000--W0GW-R-FL30-08050-01350-200-N3012-B72-----,,
KG-SP28R-MOW,0135008050200026000003012WG22? 00WG11WG11-0000--W0GW-R-FL30-08050-01350-200-N3012-B73-----,,
GSB-119/SEITA-A-MOD,0135008050200026000003012WG22? 00WG11WG11-0000--W0GW-R-FL30-08050-01350-200-N3012-B74-----,,
GSB-119/SEITA-B-MOD,0135008050200026000003012WG22? 00WG11WG11-0000--W0GW-R-FL30-08050-01350-200-N3012-B75-----,,
GSW-119/SEITA-A-MOD,0135008050200026000003012WG22? 00WG11WG11-0000--W0GW-R-FL30-08050-01350-200-N3012-B76-----,,
GSW-119/SEITA-B-MOD,0135008050200026000003012WG22? 00WG11WG11-0000--W0GW-R-FL30-08050-01350-200-N3012-B77-----,,
DGW-SP24/TATE-MOW,0135008050200026000003012WG22? 00WG11WG11-0000--W0GW-R-FL30-08050-01350-200-N3012-B78-----,,
DGW-SP24T/YOKO-MOW,0135008050200026000003012WG22? 00WG11WG11-0000--W0GW-R-FL30-08050-01350-200-N3012-B79-----,,
KG-SP24-MOD,0135008050200026000003012WG22? 00WG11WG11-0000--W0GW-R-FL30-08050-01350-200-N3012-B80-----,,
KG-SP24-MOS,0135008050200026000003012WG22? 00WG11WG11-0000--W0GW-R-FL30-08050-01350-200-N3012-B81-----,,
KG-SP24-MOG,0135008050200026000003012WG22? 00WG11WG11-0000--W0GW-R-FL30-08050-01350-200-N3012-B82-----,,
KG-SP24-MOW,0135008050200026000003012WG22? 00WG11WG11-0000--W0GW-R-FL30-08050-01350-200-N3012-B83-----,,
JIITA-819-W-MDG,0135008050200026000003012WG22? 00WG11WG11-0000--W0GW-R-FL30-08050-01350-200-N3012-B84-----,,
SGB-REVOLVING HOLDER/TOP COVER-MDG,0135008050200026000003012WG22? 00WG11WG11-0000--W0GW-R-FL30-08050-01350-200-N3012-B85-----,,
SGB-REVOLVING HOLDER/SIDE COVER-MDG,0135008050200026000003012WG22? 00WG11WG11-0000--W0GW-R-FL30-08050-01350-200-N3012-B86-----,,
SGB-REVOLVING HOLDER/FRONT COVER-MDG,0135008050200026000003012WG22? 00WG11WG11-0000--W0GW-R-FL30-08050-01350-200-N3012-B87-----,,
SGB-JOUGI-MDG,0135008050200026000003012WG22? 00WG11WG11-0000--W0GW-R-FL30-08050-01350-200-N3012-B88-----,,
KGB-6G/JIITA-2-MDG,0135008050200026000003012WG22? 00WG11WG11-0000--W0GW-R-FL30-08050-01350-200-N3012-B89-----,,
KGB-6G/YOKOSAN-MDG,0135008050200026000003012WG22? 00WG11WG11-0000--W0GW-R-FL30-08050-01350-200-N3012-B90-----,,
KGB-6G-SPACER-MDG,0135008050200026000003012WG22? 00WG11WG11-0000--W0GW-R-FL30-08050-01350-200-N3012-B91-----,,
KGB-45T/YOKOSAN-MDG,0135008050200026000003012WG22? 00WG11WG11-0000--W0GW-R-FL30-08050-01350-200-N3012-B92-----,,
DGB-30/YOKOSAN-1-MW,0135008050200026000003012WG22? 00WG11WG11-0000--W0GW-R-FL30-08050-01350-200-N3012-B93-----,,
DGB-90NF/SHITAJISAN-MW,0135008050200026000003012WG22? 00WG11WG11-0000--W0GW-R-FL30-08050-01350-200-N3012-B94-----,,
CGLB-2250-MDG,0135008050200026000003012WG22? 00WG11WG11-0000--W0GW-R-FL30-08050-01350-200-N3012-B95-----,,
CGLB-900-MDG,0135008050200026000003012WG22? 00WG11WG11-0000--W0GW-R-FL30-08050-01350-200-N3012-B96-----,,
DGW-30L/SEITA-MW,0135008050200026000003012WG22? 00WG11WG11-0000--W0GW-R-FL30-08050-01350-200-N3012-B97-----,,
CGLB-1800-MDG,0135008050200026000003012WG22? 00WG11WG11-0000--W0GW-R-FL30-08050-01350-200-N3012-B98-----,,
CGLB-1350-MDG,0135008050200026000003012WG22? 00WG11WG11-0000--W0GW-R-FL30-08050-01350-200-N3012-B99-----,,
